dataset,trial,engine,n_cameras,relative_rotation_median_deg,worst_pair_deg,worst_camera_rotation_deg,rig_shape_7dof_mm,end_to_end_4dof_mm,scale_error_pct,vertical_error_deg,mean_reprojection_error_px,worst_camera_reprojection_mrad,accepted,failure,induced_error_shape_mm,induced_error_shape_p95_mm
BioCV,P03_WALK_01,HumanCalib-M,9,0.4167594492450727,1.0710896490281103,0.6685334778718247,21.840179688488963,61.55494421240813,-0.0143218036165904,1.1623712219965192,3.467992765204536,3.542100253295258,yes,none,5.847735564645152,14.30581060148998
BioCV,P03_WALK_02,HumanCalib-M,9,0.8168451312531264,2.3111495232447834,1.4737911815192812,64.62166806552642,99.72929134054544,-0.0713201433531485,1.8187515607727545,4.066297390869731,6.292047819563428,yes,none,9.72931156585152,28.48473617877433
BioCV,P04_WALK_01,HumanCalib-M,9,0.4400398165686024,0.9686702735538932,0.8075946331854946,32.85395483609051,68.61165809383257,1.1875166604394138,0.5108943530866298,3.0678169737142205,3.245037927441049,yes,none,3.729854031656663,7.206111211153585
BioCV,P04_WALK_02,HumanCalib-M,9,0.4182994336852852,0.8168260700643876,0.6109663930921003,29.88738692105692,29.44451033243636,0.2309678493354505,0.4112533245781283,2.7765632890244487,2.9760317960400355,yes,none,3.3833280667587253,8.102227906553464
BioCV,P06_WALK_01,HumanCalib-M,9,0.8546375380442,2.2923076817496395,1.2497876465785502,71.75571359404383,85.64835748938371,-1.0222376985499992,0.3448208847464411,2.89241923022278,3.1873412396654097,yes,none,10.273975181769742,22.21538239646953
BioCV,P06_WALK_02,HumanCalib-M,9,0.9514336647043922,2.405516074593337,1.5828750949196215,86.53595682370987,97.31911095576768,-1.5359200471565804,0.3752244122378213,2.983514532556505,3.334573753781934,yes,none,11.72932433488612,25.261093981679487
BioCV,P09_WALK_01,HumanCalib-M,9,0.6301675851717335,1.8233222679240983,1.184216378805684,39.92685400066848,40.84542960835625,0.1842966216191399,0.3483534305506351,2.7543778421511256,2.9952519230924786,yes,none,3.713141195855525,7.374463244376819
BioCV,P09_WALK_02,HumanCalib-M,9,0.603345827006063,1.6944393687206811,1.1627217539211396,35.01088204152882,40.26786879837462,0.4194764902531123,0.2279974266434384,2.7457657710116976,2.937013160342638,yes,none,3.095033628934823,6.023877994656609
BioCV,P10_WALK_01,HumanCalib-M,9,0.3508890881846639,0.8599468453914025,0.5591624659027408,27.477128274395813,40.059571455043326,-0.776396271884161,0.1447970143911339,2.359149280241289,2.65099665486826,yes,none,3.0204365567217324,5.806877710287593
BioCV,P10_WALK_02,HumanCalib-M,9,0.3126095884891631,1.0055421806617475,0.5344192095487903,29.36212321161203,34.40543814487906,-0.3990102753577029,0.2698612299884922,2.400582637941973,2.671245636344492,yes,none,4.50679919263696,11.416561425110196
BioCV,P13_WALK_01,HumanCalib-M,9,0.2892748785032614,0.8073236200710306,0.4785331889676598,22.87247278102325,61.15944557691582,1.301402625418846,0.2421666853767931,2.670306840590298,2.64736799547182,yes,none,4.770763054946721,17.142713427454513
BioCV,P13_WALK_02,HumanCalib-M,9,0.3311543646458503,0.8279820086844232,0.4619893528447735,26.761449871354344,79.14343562697823,1.4437004877555282,0.5255787278078965,2.7656202181779728,2.656205766975371,yes,none,4.954367517927681,17.276479284161216
BioCV,P16_WALK_01,HumanCalib-M,9,0.2543921636250371,0.6197224457827482,0.4880441085451556,14.699585130526671,54.51704984654589,-1.0702111347766885,0.2199666002347499,2.8016317783899485,3.221786104479424,yes,none,2.5910355900504376,7.801036197980335
BioCV,P16_WALK_02,HumanCalib-M,9,0.2541547905868503,0.6528817308135004,0.4721243395479709,16.970070036159715,41.811564365178725,-0.949710762162681,0.1706031629189219,2.8171755113511194,3.419253024723829,yes,none,2.429805592429836,7.150534730602746
BioCV,P17_WALK_01,HumanCalib-M,9,0.5758392325672861,1.332261110443761,0.9111648495297272,42.5625287361448,47.42492561312497,-0.6669402421439541,0.3253679280922456,2.5025830549467707,2.571842452395018,yes,none,4.625538889603112,9.353399920057075
BioCV,P17_WALK_02,HumanCalib-M,9,0.3218997956326913,1.043554200984551,0.7380869529853498,18.02185358186456,40.33565347260017,-0.7063238738088895,0.2496420462955018,2.3547018982320487,2.458545428060436,yes,none,1.47777154263068,3.721003618399234
BioCV,P18_WALK_01,HumanCalib-M,9,0.7545188426937348,1.6911975257278655,0.9543616658361548,50.28335959644329,66.20816224127286,-0.004443549047306,0.8650581738919363,2.7484559499559325,3.423249943363863,yes,none,4.204252007296075,8.693486616187585
BioCV,P18_WALK_02,HumanCalib-M,9,0.8472733170452829,1.979329697355524,1.136540861325238,76.17981510761186,70.20436239926951,0.3682631449373197,0.4319285045390071,2.962347696254406,3.233923427942652,yes,none,7.748652198749877,17.419119218654572
BioCV,P03_WALK_01,HumanCalib-R,9,0.4770556853417783,0.7723972576228988,0.6872986430150382,28.257208596340973,148.1173197247769,-2.3781943221072965,1.4798977617729752,7.239062193055522,6.686183239534845,yes,none,,
BioCV,P03_WALK_02,HumanCalib-R,9,0.5453149630857477,1.3690218891532435,0.813305302157909,52.89634856818566,170.70918686782747,-2.745392416702164,1.8615434156042256,6.605759689556521,7.618761859967237,yes,none,,
BioCV,P04_WALK_01,HumanCalib-R,9,0.4501237316910685,1.1607504054466982,0.667196685623049,40.07737559391276,78.14479319184814,-1.2674582833364978,0.528617439408729,6.774505437162213,6.907045445348226,yes,none,,
BioCV,P04_WALK_02,HumanCalib-R,9,0.4213196330050038,0.9103795938818338,0.6070431748986943,32.92929817260126,101.35468982304836,-2.0515940182657566,0.2749188331939565,6.484230433845159,7.093197361498928,yes,none,,
BioCV,P06_WALK_01,HumanCalib-R,9,0.7110336683591632,1.4947859829288552,0.8221635421582978,45.72474214022112,132.8846435459297,-3.0121588386815223,0.3445911050494915,6.017333205958946,6.374682479330819,yes,none,,
BioCV,P06_WALK_02,HumanCalib-R,9,0.4439915541072385,1.595229638584969,0.8857441533514974,48.65019728646197,136.93711399597854,-2.9767057763096405,0.4934548471926702,6.44020138366418,6.812335172391476,yes,none,,
BioCV,P09_WALK_01,HumanCalib-R,9,0.5452109450553848,1.3815513391693903,0.8041536627703254,38.193928307947466,98.40601230014931,-2.1990530719002037,0.4012190122510201,6.099055110844445,6.63032136472834,yes,none,,
BioCV,P09_WALK_02,HumanCalib-R,9,0.4911994973084957,1.2490505212452965,0.7305599209614677,35.138174364380504,90.00646639131804,-1.99229798860896,0.3095159707890947,6.247748877665526,6.860040928908266,yes,none,,
BioCV,P10_WALK_01,HumanCalib-R,9,0.5302713135393704,1.1363382898823238,0.8031622778497753,33.459680395600785,151.1052004987896,-3.060715272974724,0.2345286142052733,6.3888237423504535,7.369819298089306,yes,none,,
BioCV,P10_WALK_02,HumanCalib-R,9,0.4880316714633465,1.3849242640970063,0.7899470371599366,42.04104706754608,135.95978748874495,-3.049855935396017,0.2657518453295348,5.638960062524859,6.533941342750459,yes,none,,
BioCV,P13_WALK_01,HumanCalib-R,9,0.6330116072219941,1.5353197880240512,0.8858955989855115,53.0673534561624,62.74649289491073,-0.8620562717513214,0.1983961911255216,6.56371357331716,6.437497472398593,yes,none,,
BioCV,P13_WALK_02,HumanCalib-R,9,0.6624300648934642,1.7767114622906874,1.0664965570965304,53.15883704141092,77.58154555279694,-0.8516438230840029,0.5753811811824363,6.564297794067281,6.478747927366847,yes,none,,
BioCV,P16_WALK_01,HumanCalib-R,9,0.365591147425913,0.6965678676209919,0.4650077864866604,28.629568943031863,97.2119276634499,-2.1086233815334032,0.0807051056158392,6.714674102603543,7.498077934690244,yes,none,,
BioCV,P16_WALK_02,HumanCalib-R,9,0.3713358874940786,0.9780033317019674,0.5543978195058247,37.02065078996971,86.62111726468481,-1.8546363527706,0.249323992919374,6.699046249291081,7.5264031076761215,yes,none,,
BioCV,P17_WALK_01,HumanCalib-R,9,0.4851516108856135,1.2242171644669193,0.7995138018818766,41.5091285874162,107.99440436591335,-2.2070942182724096,0.3887824040091879,5.980760190889948,5.949712306484636,yes,none,,
BioCV,P17_WALK_02,HumanCalib-R,9,0.4771736153161259,1.1635889607849323,0.7156101280191749,32.28343348192224,103.59826675168246,-2.0904414542497807,0.3924549529902549,5.808117394738383,6.054107421764358,yes,none,,
BioCV,P18_WALK_01,HumanCalib-R,9,0.4464115814107636,1.2677400649607142,0.925928461094648,56.09336296213466,117.39399666745676,-2.116545487911337,1.0535130274082258,6.706766039939256,8.374057412861257,yes,none,,
BioCV,P18_WALK_02,HumanCalib-R,9,0.5443245854434382,1.1473269502403085,0.7133978234394153,54.98477613512873,82.91073209712998,-1.5122654090121368,0.1799374701868158,6.346786497646368,6.208947023987461,yes,none,,
I-MOVE-23,subject10,HumanCalib-M,10,0.4692005765301993,0.8535682368782076,0.5906119987827838,43.44954673426852,87.93777836384831,1.087045514239926,0.2517473224756493,3.342031989149904,3.7646317014809543,yes,none,5.55253004047612,11.00042403681054
I-MOVE-23,subject11,HumanCalib-M,10,0.9558629307263332,2.391773758169435,1.7179436816593816,90.73519660319135,181.03465997109743,2.680071030380482,0.6767225913178057,3.6549490608093698,4.857563215417448,yes,none,17.216389815819426,34.89500094210303
I-MOVE-23,subject12,HumanCalib-M,10,0.3282921047697669,0.8580171839617251,0.5214238258216033,26.57761315655745,107.25713353586184,1.6081305722069672,0.3142667398617961,3.136365324010024,4.417803789691522,yes,none,4.886532963613493,9.027762227095478
I-MOVE-23,subject13,HumanCalib-M,10,0.5730511515595084,1.2960839864388816,0.9632497815503336,61.71925699969693,126.01427244253296,2.0871835901242086,0.3474085953840156,3.3695887097549178,4.134870335639914,yes,none,5.977685030561192,14.217686965332906
I-MOVE-23,subject2,HumanCalib-M,10,0.3553621316371393,0.7085784082694674,0.5141521517752671,41.62479487888008,52.22948938880664,0.0294745544168861,0.4562922005897333,3.30073811519982,4.564120804501068,yes,none,5.706402674341014,11.577792102533898
I-MOVE-23,subject3,HumanCalib-M,10,0.5903834593967768,1.504185218740251,0.895329602727136,66.104480930236,134.92502300813837,1.8579359975591012,0.3215883107604543,3.429455754599826,4.045948392937981,yes,none,8.184744097500857,15.44429500087974
I-MOVE-23,subject4,HumanCalib-M,10,0.3041219808329445,0.5965677325307276,0.4078002747861202,29.04773649102797,82.96734646049543,1.1095384804299613,0.2048568943535106,3.0489334428852386,4.131636810450754,yes,none,4.278859915707506,7.761777201390264
I-MOVE-23,subject5,HumanCalib-M,10,0.4048309013204799,1.043616160720442,0.8095319521963315,45.409890406742605,196.0509767801024,2.87540629368761,0.4847370100795659,3.8319046422798295,4.218941990558107,yes,none,5.227627753079043,9.84148212038266
I-MOVE-23,subject6,HumanCalib-M,10,0.5024083159220302,1.1799010362930662,0.867565302408127,44.34420448360919,135.34428532437937,1.9732022524212132,0.4699897223769164,3.066412851604829,4.1243613787751405,yes,none,4.5088108920483245,10.038929234390796
I-MOVE-23,subject7,HumanCalib-M,10,0.3091784463167505,1.0788435077873482,0.7184541092834567,32.2805774904277,54.639558356353206,0.0907614869859685,0.6097453758827144,3.1173163039224407,4.569779473582099,yes,none,3.1981814803069044,6.260198181697673
I-MOVE-23,subject9,HumanCalib-M,10,0.3974994058376005,0.8636218064342438,0.7323149958635172,32.807413958538895,132.59142924876187,0.7547791898939948,1.9934710551160637,2.9480701053423117,3.967535407100821,yes,none,2.9100412046407964,7.012607954283733
I-MOVE-23,subject10,HumanCalib-R,10,0.2144789610658854,0.3976699445189068,0.2952835756819742,17.167632888392042,29.098808607464363,-0.3448326674048707,0.2749091325631878,4.94121725026627,7.439533078962685,yes,none,,
I-MOVE-23,subject11,HumanCalib-R,10,0.3325514707335403,0.798010995110566,0.584783221881062,33.258969665247875,54.981890152328376,0.5313814685358853,0.3590676207016782,5.515392655223091,8.031268188579189,yes,none,,
I-MOVE-23,subject12,HumanCalib-R,10,0.4010706504221117,0.9195995189526142,0.5654600349244682,29.740724370708957,57.950470850423656,0.7097828077591295,0.2749934331750809,5.31516415875775,8.40312358533273,yes,none,,
I-MOVE-23,subject13,HumanCalib-R,10,0.3600703531070371,0.6892711372159339,0.563109241545413,25.217204512814803,174.74650608678002,2.651030638553697,0.3144910402156503,5.4884313206550335,8.124232037767575,yes,none,,
I-MOVE-23,subject2,HumanCalib-R,10,0.3409896360633256,0.5399911608185409,0.4155273196926881,22.03774843179424,75.18933025940689,-1.017122031975537,0.6276868335900494,5.624644484034658,8.941505529328074,yes,none,,
I-MOVE-23,subject3,HumanCalib-R,10,0.3421897806117956,0.7777516874318422,0.5563410610183394,22.96666786845729,41.59334222123337,0.3127741692348973,0.2600602188768933,5.2239784457062095,7.888993080256095,yes,none,,
I-MOVE-23,subject4,HumanCalib-R,10,0.2389110936279661,0.6044977100870279,0.4112670743280025,19.640893573392567,32.4617099128054,0.350722125475067,0.2318861087201815,5.145444029485156,8.105639267929897,yes,none,,
I-MOVE-23,subject5,HumanCalib-R,10,0.2409081318185711,0.4872582587108072,0.3804766085674728,23.74621224594072,133.73797248632604,1.9070208884422124,0.5891485988880371,5.3512618276387744,7.829981245553903,yes,none,,
I-MOVE-23,subject6,HumanCalib-R,10,0.3271941839936604,0.8868945060147957,0.6864819892182671,27.067570068574778,113.5590090524612,1.547479178753708,0.9953544103127208,5.5969246981249885,8.530847830304598,yes,none,,
I-MOVE-23,subject7,HumanCalib-R,10,0.31378714006824,0.7459549224650425,0.4754003952629663,19.05349078576037,72.75714325912668,0.2370684451309612,1.1055873891370578,5.4220334043456,8.145249951497123,yes,none,,
I-MOVE-23,subject9,HumanCalib-R,10,0.3282256772925113,0.807538017505673,0.57078886371877,26.12982869435483,118.3948659917732,0.1981305629075613,2.04365022229303,5.435491277634725,8.50902153527776,yes,none,,
OpenCap,subject10_walking1,HumanCalib-M,5,1.6100324114839868,2.129589425996614,1.8173929860462408,54.054636666244505,71.61735276822841,0.6389735907435856,0.3771331145028883,1.4431273859698783,2.0805445214153826,yes,none,2.027928696423239,4.735232915566984
OpenCap,subject10_walking2,HumanCalib-M,5,1.4572663260835474,1.9782396114884544,1.858990188345265,50.28946424441526,79.55306331755048,0.6224311293832052,0.4648819820405267,1.5896440078526235,2.20647221613263,yes,none,1.7061255743284454,3.90271465360154
OpenCap,subject11_walking2,HumanCalib-M,5,0.8287631811820733,2.5196083949356525,2.381664368605402,108.79841971887936,89.93881173258518,0.3394327152701271,1.2752190124786085,1.8409324633378632,2.647766659359156,yes,none,2.679843806248912,4.793469815557954
OpenCap,subject11_walking3,HumanCalib-M,5,0.5622556180460752,2.5119672613324524,2.4005030835026444,109.5384140400188,111.30343401171194,2.183813805852997,1.242091897610389,2.0752177024660408,3.10548645407054,yes,none,2.558877156960214,4.367727387556106
OpenCap,subject2_walking1,HumanCalib-M,5,1.7895092032136164,3.2537298536605244,2.4404143252437285,44.795659655124,85.09558453704186,0.7591744429983338,0.8694419465188086,2.056538445243667,2.6740472217349285,yes,none,4.610007687619833,9.86398356671941
OpenCap,subject2_walking2,HumanCalib-M,5,1.9013187154117328,3.419433281856759,2.602731366624459,38.94175450433367,87.81680261361747,0.8842786709101658,0.6611461235073506,2.155558024204946,2.728798393351123,yes,none,4.899404089362971,9.601547509005664
OpenCap,subject3_walking1,HumanCalib-M,5,1.446028823906146,2.437229018915692,1.8617790585949665,51.78027557128864,50.3807925144829,-0.6633205061278291,1.1054041339425609,1.6319596454690934,2.644481589062184,yes,none,3.4640147567862294,6.242236647168482
OpenCap,subject3_walking2,HumanCalib-M,5,1.4971424842413503,2.496829648259668,1.875214271885242,53.105374311423,62.136476063419,-0.9513158834291936,0.6789605452674441,1.3784358039631937,1.905340772243561,yes,none,3.823808420856942,6.792867527022832
OpenCap,subject4_walking1,HumanCalib-M,5,1.8713432281270528,2.7310811302214586,2.2849495833684066,61.270456746139374,64.6457781407827,0.3440753812324448,0.5271641835876973,1.5779771314952606,2.0893047088739736,yes,none,2.9442287087068757,6.540496222996572
OpenCap,subject4_walking2,HumanCalib-M,5,1.9173676559740147,2.848319964831301,2.2639895962770247,63.28312085728592,63.91270933503071,0.345767826851473,0.560972932622814,1.5732529055073028,2.0159381389082736,yes,none,3.152079904041104,7.333987837166832
OpenCap,subject5_walking1,HumanCalib-M,5,2.1242936106589045,2.814267303521995,2.5410578087918907,88.04887066401534,66.18441331735903,0.074393351871671,0.5634974246409901,1.5642946911457365,2.2524632002902325,yes,none,4.794347686126913,8.455885655726458
OpenCap,subject5_walking2,HumanCalib-M,5,2.1679208755887727,2.9149458205192227,2.5201106687642323,101.42112472131964,84.25386203508694,0.2981882160370208,0.5047205929026889,1.7482589377329258,2.587540370581342,yes,none,4.931104974248395,8.715542638410067
OpenCap,subject7_walking1,HumanCalib-M,5,1.8072393436420104,2.647486539648156,2.113350255547457,58.004675661611785,72.18263600300175,0.965434026755374,0.9198078917388244,1.8037581007780912,2.5623548316378923,yes,none,4.15075272103186,7.298725577031364
OpenCap,subject7_walking2,HumanCalib-M,5,1.900122173741405,2.957231005213932,2.3431434028526987,62.43062241772348,139.56602016650905,2.37533301049484,0.9980298753397228,1.8858027948515783,2.752888908862249,yes,none,4.112826605649629,7.677395021311072
OpenCap,subject8_walking1,HumanCalib-M,5,2.174114202714059,2.9256508027026653,2.387385034742288,80.752858354099,120.89326885116397,2.4494777750598606,0.8809340811757117,1.5860890219693349,2.1758115600275607,yes,none,3.042106796814062,6.188864071089178
OpenCap,subject8_walking2,HumanCalib-M,5,2.137057049889964,2.7547739996704923,2.2328823534036344,80.5444844434827,128.02402618940243,2.4275709673693413,0.6757601065304902,1.5770489335816542,2.1966170052417144,yes,none,3.0418569570048035,6.398916923520504
OpenCap,subject9_walking1,HumanCalib-M,5,2.290634406756247,3.9498819407458696,3.511105924866908,127.58379146699944,177.61053169786038,2.2344120159473846,1.9233901749093487,2.164751523001615,3.016789556052305,yes,none,9.04505918147842,14.363177353450013
OpenCap,subject9_walking2,HumanCalib-M,5,2.3072556193425204,4.092404112702325,3.622602728205699,132.2009870423344,157.37854074877976,2.591867830410788,1.7214175642072391,2.0769249166058112,2.838300736583512,yes,none,9.189998866619955,14.173210960739784
OpenCap,subject10_walking1,HumanCalib-R,5,2.273508396535993,4.195468286703286,2.9110167668566698,81.43697078818276,117.48471092220596,0.4120504060880936,0.1705982135177748,3.4071953137776223,4.584863111140109,yes,none,,
OpenCap,subject10_walking2,HumanCalib-R,5,2.2562602415130817,3.914652988833486,2.764515584146963,86.35849772247056,105.60083674225628,-0.2632714646918943,0.5068664233243626,3.3452059539257664,4.34833804975815,yes,none,,
OpenCap,subject11_walking2,HumanCalib-R,5,2.398853877080606,3.279726221875968,2.780398001429914,131.2009015770642,142.42680007920802,-2.014144930493233,1.454894004264185,3.439192012450972,4.13152341015802,yes,none,,
OpenCap,subject11_walking3,HumanCalib-R,5,2.876778808436169,4.271844877140129,3.3657344896487027,139.16084223017987,133.79973152646178,-1.171479364726702,0.3526123471839866,3.645191906615117,4.434844900911736,yes,none,,
OpenCap,subject2_walking1,HumanCalib-R,5,1.824021008194212,3.048437842161219,2.729567379808859,87.55528859921981,89.08100072260405,-2.2496237443543787,0.695364062839754,4.082774916065292,5.476212185051752,yes,none,,
OpenCap,subject2_walking2,HumanCalib-R,5,1.6069584361784548,2.682639375147432,2.537002366841152,64.44137591128506,79.12439090271107,-1.6296085581318898,0.7135174208915105,4.26001843249458,5.490447489671962,yes,none,,
OpenCap,subject3_walking1,HumanCalib-R,5,1.1606783123566446,1.942050880621564,1.628427467694188,47.63106042136457,77.86849503186755,-1.0513004701852902,1.5657335168966242,3.428509784597781,5.346999420037533,yes,none,,
OpenCap,subject3_walking2,HumanCalib-R,5,1.2677342555336093,2.3438725691720994,1.795478737247966,45.25539562675037,75.6772222114296,-1.668901207222695,1.093370148367389,3.212044398592392,4.6428993530532745,yes,none,,
OpenCap,subject4_walking1,HumanCalib-R,5,2.036769897282466,2.819641265787007,2.3087530062712567,114.39930112781414,132.340437335075,-3.2945853890170573,0.3325150276463895,3.3434340097190125,4.506021424012789,yes,none,,
OpenCap,subject4_walking2,HumanCalib-R,5,1.951320141523128,2.520080705339396,2.1455130553343684,117.14610890748152,131.53991305748585,-3.487336564094634,0.2781232846041611,3.3635639598502025,4.549822361305744,yes,none,,
OpenCap,subject5_walking1,HumanCalib-R,5,2.0500436888781017,3.252646932648563,2.656687660507871,88.74138214389572,62.76641374793437,-1.6730756579149353,0.1271533611479842,3.329033328861553,4.665894845132076,yes,none,,
OpenCap,subject5_walking2,HumanCalib-R,5,2.1055634765082925,3.513025752177092,2.7708286894868968,90.10688344916515,77.49161632112252,-1.8701361507290404,0.1262954160141844,3.422836621875881,4.796202633578619,yes,none,,
OpenCap,subject7_walking1,HumanCalib-R,5,1.946809798082882,2.9703402133031185,2.217039503623429,64.8715518654245,79.1192629509098,0.0516131619294757,0.5431286227238431,3.688707148935142,4.899134836217065,yes,none,,
OpenCap,subject7_walking2,HumanCalib-R,5,1.9338751378080776,3.6378365448697743,2.818702450433901,75.66695819358681,77.01600551480443,0.0481513555257162,0.8536410571608429,4.087389358563068,5.603234903201322,yes,none,,
OpenCap,subject8_walking1,HumanCalib-R,5,1.6090309328510313,2.172923219833672,1.9402453753212388,87.81895942037112,66.93012698001533,0.402060981867347,0.633493056346171,3.473345729792423,4.803867797604887,yes,none,,
OpenCap,subject8_walking2,HumanCalib-R,5,1.812666963203429,2.163581836879284,2.0136496687998955,78.95789601346557,77.70132836925674,0.4050800097841422,0.8855917197896279,3.6207401303183766,5.194791162944513,yes,none,,
OpenCap,subject9_walking1,HumanCalib-R,5,2.142263569890002,3.525329484775072,3.053418142513717,103.16089845668064,101.7563253656116,-0.4712628216003267,1.7792586950800933,3.8632256912122735,5.044772952716141,yes,none,,
OpenCap,subject9_walking2,HumanCalib-R,5,1.9451795154326808,2.903043864748709,2.8419140080420826,120.18164065893173,98.50568823665203,-0.3506447561084314,1.512518008712249,3.7498574212701,4.941840750077696,yes,none,,
LBMC,p1_gait,HumanCalib-M,9,1.5131994967989286,3.919980209625207,2.7639310329146145,67.64836895652238,71.70708011122379,1.082811765593794,0.5748363978566591,3.48547974181775,3.485513885616622,yes,none,2.0296043530066354,4.367571487948131
LBMC,p2_gait,HumanCalib-M,9,3.139923033209561,6.217285565711716,3.944178787537512,95.82467879760998,129.80366056381243,2.945544373520148,1.4427254945292505,3.539605926065738,3.420403172072113,yes,none,4.788332367153847,9.110908869427918
LBMC,p1_gait,HumanCalib-R,9,3.3121349954038206,5.275666811315199,3.5799616081474053,88.03553884923546,99.70925350510062,0.9257263491927904,1.2084510731513372,7.850610931432609,6.911293171651125,yes,none,,
LBMC,p2_gait,HumanCalib-R,9,3.207082355251999,6.547020229435835,4.466689534467671,81.08924589520564,89.82016575352885,0.6633624551232842,0.9985387141389376,8.147209769038465,7.816272355320223,yes,none,,
COMFI,1012_CircularWalking,HumanCalib-M,4,2.059024884137819,3.1977041623691207,2.4476535845099003,32.09809621751852,67.75350142847228,1.6248713140631033,0.4037288494629164,2.4259806271078284,3.912945444097459,yes,none,42.37637743821208,88.22657561905562
COMFI,1012_StraightWalking,HumanCalib-M,4,1.201105382907139,1.4084709728765368,1.3969432343259716,26.065941885438452,60.8354941911708,1.4978388312624211,0.5450294879102245,1.555970358818018,3.421308902644279,yes,none,37.03888476579066,86.6382134766759
COMFI,1118_CircularWalking,HumanCalib-M,4,1.3142904309950547,2.469101773931771,1.7630070969860587,72.59308492978882,107.9132805167792,-1.921234994265608,0.9586040965603508,2.4374759890739943,3.995487492677087,yes,none,45.99273079402071,95.83265331137429
COMFI,1118_StraightWalking,HumanCalib-M,4,0.6674177172653617,1.1102186859809686,1.0332490650462756,13.729448913742752,217.50842772478987,-3.754801299372745,2.950445746766504,1.650232498170812,3.37577107037786,yes,none,53.91481510861857,110.92943982349976
COMFI,1508_CircularWalking,HumanCalib-M,4,1.751687666896184,3.083074138644122,2.7054749877825066,68.99835931262945,70.67573866763104,-1.1809576796200538,1.6243429429606515,2.9124400843662515,4.63134170410669,yes,none,38.47269132343226,77.66881389175725
COMFI,1508_StraightWalking,HumanCalib-M,4,0.8444748063852363,1.3393637169643673,0.9108017865286794,30.36152955146047,58.87318042135287,0.4019416513280971,1.534335481893241,1.534216923668429,3.5616846055206564,yes,none,56.66187480008669,126.508660532187
COMFI,1602_CircularWalking,HumanCalib-M,4,1.4454608644605311,2.458695616178089,2.39418840185211,75.83266170265667,87.3589361760473,0.1741373606394702,1.0829111596251686,2.7964042855001585,4.788678277452724,yes,none,48.38705653113947,99.27181781491642
COMFI,1602_StraightWalking,HumanCalib-M,4,0.6218884175185191,1.111617043034443,0.771590189418513,29.644058238173848,47.766603865090026,0.6013437490292484,0.8450042852403824,2.0557450581065457,4.301945599527323,yes,none,66.47602040871054,142.68400352186856
COMFI,1847_CircularWalking,HumanCalib-M,4,1.8604476882668,3.4120741954685565,2.111229638900142,109.67688444109368,132.06914321788577,1.9901760807344184,0.6903484136208518,2.502594593428185,3.7034472412534862,yes,none,32.46076778782851,74.03019006212209
COMFI,1847_StraightWalking,HumanCalib-M,4,0.849616243953985,1.3544063596383138,1.1934705006563926,23.55703881047384,37.77429122423125,-0.0896708056496775,0.6539854401334378,1.611209329037269,3.2912480220849063,yes,none,42.34627894400728,91.93536057924692
COMFI,2112_CircularWalking,HumanCalib-M,4,1.7104848016222518,2.6902848129010883,2.0256079006636623,33.09393782546008,66.56901019095784,-0.5717281075116376,1.5044105104492629,2.055307561488324,3.133778036255682,yes,none,40.92018526343108,84.69518683441031
COMFI,2112_StraightWalking,HumanCalib-M,4,1.1440526245428062,1.627980428139918,1.4252339102332807,41.03685011304269,155.80516003569443,-3.453705955125008,1.845158454877262,1.467682496901184,3.1638142474658,yes,none,51.357103913319015,102.45389818112363
COMFI,2198_CircularWalking,HumanCalib-M,4,1.4761366862423475,2.5612738470522443,2.369779448837169,64.92485576263523,63.73007664866135,-0.5421941519931806,0.7456083847842784,2.7310034237184664,4.357895344618246,yes,none,26.94825408417312,53.444832135795984
COMFI,2198_StraightWalking,HumanCalib-M,4,0.9411626137200968,1.646453995866246,1.2284466501653368,20.364105716300955,52.75926432611652,-1.19493066885209,1.3473248355827476,1.753038731221528,3.7423061332454983,yes,none,37.99748193555794,83.40645342442272
COMFI,2307_CircularWalking,HumanCalib-M,4,0.8005688178687902,1.254134608148075,1.0391346280785492,40.175095093346826,40.30408998642509,0.1553175765486303,1.1784084013205047,2.394625727000442,3.753492508437383,yes,none,33.37017428320282,69.50379926328499
COMFI,2307_StraightWalking,HumanCalib-M,4,0.9265726376320996,1.177175677565808,1.0205001184165063,23.32607926987495,163.55024504463944,-3.182637998065574,2.068969076655545,1.846663879632504,3.6705179166422446,yes,none,42.50893509762109,86.91027853766339
COMFI,3361_CircularWalking,HumanCalib-M,4,1.1991164122909184,2.29049346684502,2.1187809552880705,60.5159857359411,95.4027906781533,0.7263937454038194,1.565838465035662,2.27738361752358,3.6322283709728143,yes,none,29.90208989733513,72.31532511029297
COMFI,3361_StraightWalking,HumanCalib-M,4,1.3571124331487652,1.7201299275553692,1.5898150854026776,40.7211170345471,116.77785610811632,0.0743020584104803,2.219225454428783,1.4591301175962217,2.999390480747856,yes,none,40.680788299719566,91.16183565556769
COMFI,4216_CircularWalking,HumanCalib-M,4,1.8383694003316664,3.3507943546980354,2.961246381545345,111.368342042882,157.89363417325268,-1.4569360162136946,1.997740073973992,2.4604262252559,4.028677621527477,yes,none,32.6778996660676,75.49719002920794
COMFI,4216_StraightWalking,HumanCalib-M,4,0.6054546185688484,1.0901266418575668,0.6912452009979657,11.88385623553254,129.34707196512295,-1.9747909401983788,2.173295425370481,1.3708003160748932,2.714817749113482,yes,none,37.36174873120799,80.76306973043552
COMFI,4279_CircularWalking,HumanCalib-M,4,2.3619974129024097,3.1136802501672216,2.447136667577813,81.02983864726988,97.22968279894728,-0.1778126543424907,1.619256180015813,2.8005373470878223,5.234805389147769,yes,none,36.68569478452565,81.40417095138447
COMFI,4279_StraightWalking,HumanCalib-M,4,1.666197170655988,1.7821366235190437,1.7621048854292372,21.13163802130656,139.17467200668233,0.38455696621702,3.02034324187355,1.4927715553139724,3.2485494436200693,yes,none,47.52304249343887,106.5355543615432
COMFI,4509_CircularWalking,HumanCalib-M,4,2.314449285881924,3.3000621848245406,3.148998015524348,35.076397936582545,33.97805999208915,0.2093429516013545,0.5945667795425825,2.487038846498842,3.985432738397584,yes,none,31.664044480704614,70.82954516625404
COMFI,4509_StraightWalking,HumanCalib-M,4,1.334854894503395,2.083213633953195,1.4639817350109583,30.333818385644197,93.48073984486008,-1.268176795672582,1.646168919670388,1.7411568143874905,3.5268695767311486,yes,none,37.30626536173576,83.826845838825
COMFI,4612_CircularWalking,HumanCalib-M,4,1.431711405846189,1.7446247387937457,1.5817396138116988,57.12898203132177,69.2519563623172,1.180952242751898,0.847430828662334,2.01581223290189,3.060832951888252,yes,none,32.38419212299625,69.55573599263431
COMFI,4612_StraightWalking,HumanCalib-M,4,1.0361785598399962,1.6686519636513344,1.486174868069103,27.173703872552903,83.8562430645371,1.1077754136819662,2.1155667248189527,1.3938973639154884,2.643809483520697,yes,none,38.80906273289293,87.59391086113179
COMFI,4665_CircularWalking,HumanCalib-M,4,1.1083577410572227,1.6722022492295991,1.3110037618061867,34.06906857102409,92.74909268673149,0.2772499416909157,1.4411606219751036,2.31897318807668,3.7384330930111656,yes,none,39.03225769910128,79.45108520881695
COMFI,4665_StraightWalking,HumanCalib-M,4,0.8828624199422834,1.1031665116909757,0.9178248159757902,41.31996678270977,108.7223282924858,0.7193117920603953,2.197448532169512,1.283942073439349,2.638083365140797,yes,none,46.0977166146074,99.2032692250085
COMFI,1012_CircularWalking,HumanCalib-R,4,1.9076660824165077,3.47375853605212,2.909987701420306,36.5772959937439,83.06138109158015,-1.2500091238135336,0.915237619713901,4.375096799163495,6.714546771782788,yes,none,,
COMFI,1012_StraightWalking,HumanCalib-R,4,1.0597911267911528,1.4391651985868992,1.3113652076582971,16.68733315270351,33.8696079719866,-0.4399993412653402,0.3215919472449731,3.50870138024566,6.913335227831847,yes,none,,
COMFI,1118_CircularWalking,HumanCalib-R,4,1.3267957236749437,2.449714236447323,1.8581926323615956,72.51727128928766,156.51107863320345,-3.4306085883555992,1.1787077067877307,3.7457441368939417,5.815891419821941,yes,none,,
COMFI,1118_StraightWalking,HumanCalib-R,4,1.0893289713475416,1.806502429333276,1.434274749545737,45.11505914415336,202.18322100328385,-2.8082743633534246,2.8280892039233074,3.957887595728197,9.17077502266633,yes,none,,
COMFI,1508_CircularWalking,HumanCalib-R,4,1.8289308602059224,2.999769791150167,2.7906692815841727,66.32259349952491,100.55400624850353,-2.3983970299634505,1.6290240255360326,4.57137258923126,7.46744464383009,yes,none,,
COMFI,1508_StraightWalking,HumanCalib-R,4,1.0268752999365294,1.7725570321256938,1.3972664457903614,47.66418906127886,142.92575025849797,-0.7892605122740814,2.6831436376511286,4.704556920631512,10.512432434306088,yes,none,,
COMFI,1602_CircularWalking,HumanCalib-R,4,1.7487977772462728,2.67240232513242,2.4841278703775824,82.89025956896319,106.80026578745958,-1.757392624145615,0.7959698684157988,4.306754122899378,6.914930865693728,yes,none,,
COMFI,1602_StraightWalking,HumanCalib-R,4,0.6139184344769566,0.9453272800011816,0.94498710731567,38.71846830434226,72.3495678521455,-1.0744369282112864,0.7662675470386177,4.227176217393872,9.068546518241936,yes,none,,
COMFI,1847_CircularWalking,HumanCalib-R,4,1.6553813799779222,2.902519100149631,1.9424153126828672,101.22478127076396,111.00182646490644,-0.5117435542204785,0.9387113302979276,4.133989212233596,6.051421449337626,yes,none,,
COMFI,1847_StraightWalking,HumanCalib-R,4,1.297954469859363,2.068096721430001,1.457255568292807,53.03111008592883,133.32706947948415,-0.1596911944138468,2.161615769309591,4.209814553322096,8.62114709565024,yes,none,,
COMFI,2112_CircularWalking,HumanCalib-R,4,0.9687414875614586,1.8861308460152908,1.2907565071473672,35.43494773516129,114.0605863922228,-3.1792359169274587,0.9722150215515574,3.80530052754117,5.571002031591,yes,none,,
COMFI,2112_StraightWalking,HumanCalib-R,4,1.230761949049469,1.6120227613265068,1.4711033631514618,47.93841943525413,161.0597445094656,-2.475076174529689,2.3138157682023808,3.588384572720144,8.116409738429523,yes,none,,
COMFI,2198_CircularWalking,HumanCalib-R,4,1.4298475864265925,2.7727410979535727,2.709159901937193,78.81870840224923,127.02097530133508,-2.7619656726337705,0.7681988976059726,4.340824883804549,6.938117346792411,yes,none,,
COMFI,2198_StraightWalking,HumanCalib-R,4,1.3834380456055229,1.9932817359705532,1.8316982471377072,30.145424124624636,164.34057522535852,-2.4667457632348238,3.0457011740987605,3.4550602628855045,7.0954786641402485,yes,none,,
COMFI,2307_CircularWalking,HumanCalib-R,4,1.55535294496001,2.0670441617654256,1.812769921587388,42.20670039237738,78.92161340372421,-1.943149704359881,1.1839720010916663,4.291727418119581,6.237069792026899,yes,none,,
COMFI,2307_StraightWalking,HumanCalib-R,4,1.3787163237186115,1.9606065718134549,1.8548177000676465,43.44036502790057,126.98567534682336,-1.175168234757995,1.8370688582375692,4.4374594507174985,9.153796454634293,yes,none,,
COMFI,3361_CircularWalking,HumanCalib-R,4,1.3652394072679876,2.455044053954502,2.228882021807541,68.62932487963994,153.399218853808,-1.5486666808197658,2.2793045647660426,4.0422665128485455,6.177065489820538,yes,none,,
COMFI,3361_StraightWalking,HumanCalib-R,4,1.7490131510902305,2.645262732589103,1.836405965761068,69.06406631781472,187.7831208236693,-1.0056266888551102,2.8647461085410213,4.22454192396873,8.028868816789284,yes,none,,
COMFI,4216_CircularWalking,HumanCalib-R,4,1.787313771491329,2.8950655373236662,2.833042240724417,98.76475679246236,197.41629126157545,-4.077681093343255,2.022045872117698,3.9304451157034657,6.122511128135309,yes,none,,
COMFI,4216_StraightWalking,HumanCalib-R,4,0.6495007298971742,1.0446455178825231,0.9098133598019,14.125679866176922,244.74671608464536,-3.6315381622797127,3.770923915035615,3.656063570240474,6.848758785523309,yes,none,,
COMFI,4279_CircularWalking,HumanCalib-R,4,1.8376946380758692,2.388006766935682,2.092593897128256,70.65449828472292,86.91010166813913,-0.7533697332650191,1.7166266410741478,4.613141975636872,8.454796156340409,yes,none,,
COMFI,4279_StraightWalking,HumanCalib-R,4,1.6388963972725543,2.0682020704522803,1.9155575131023248,32.83278263355177,181.5496917588873,0.2474837423256604,3.5225605440539765,4.029096285387585,9.026457026259743,yes,none,,
COMFI,4509_CircularWalking,HumanCalib-R,4,2.7244989028364164,3.916984761878621,3.880047179059932,35.52658529190079,61.034549281057664,-1.503089855592954,0.7182665874211499,4.372638314021992,6.670902018493071,yes,none,,
COMFI,4509_StraightWalking,HumanCalib-R,4,1.570158384575814,2.63957947158249,2.010371143724158,29.962851865286037,149.86481647977905,-0.8081063579813308,2.608931488697736,4.660664584680801,9.370394636865818,yes,none,,
COMFI,4612_CircularWalking,HumanCalib-R,4,1.2809967599214094,1.618768792558215,1.4900810423907,56.68107396434068,61.25246607741701,-0.3755579703846545,0.8229113306219934,3.7938598177813887,5.623922975151685,yes,none,,
COMFI,4612_StraightWalking,HumanCalib-R,4,1.378618847947929,1.6822775206179643,1.6783158563101928,47.18928666506993,162.9097918645694,0.823744001616955,3.2025398151636413,4.13411182643654,9.207799336847378,yes,none,,
COMFI,4665_CircularWalking,HumanCalib-R,4,1.4877094473450694,2.2477545988292205,2.06416124639691,36.14378922140058,62.2670714195166,-1.4721884592191925,0.3310030679766196,3.511973277649276,5.495852687973367,yes,none,,
COMFI,4665_StraightWalking,HumanCalib-R,4,36.81169299414076,43.62881316635639,42.11037521473088,1246.6520539423968,1285.851896213324,-14.279465057945773,1.152251596994713,13.102811024958063,22.879041223354303,no,complete,,
