trial,n_frames,n_joints,reference_absolute_mm,reference_per_trial_alignment_mm,reference_per_frame_alignment_mm,humancalib_per_trial_alignment_mm,humancalib_per_frame_alignment_mm,relative_rotation_vs_reference_deg
1012_CircularWalking,886,17720,108.9851642694718,68.56221685339486,51.00394387314539,63.41449216984912,49.240991822355056,2.059024884137819
1012_StraightWalking,111,2220,77.24509499374328,66.41292814295949,59.251901283627376,65.24699906152665,56.00582010801044,1.201105382907139
1118_CircularWalking,377,7540,84.74625756857267,80.0037676688285,47.99763488216332,61.00049520286613,45.54342696249485,1.3142904309950547
1118_StraightWalking,63,1260,84.21566763704764,67.69318042709263,59.963263159519705,57.5415325773684,54.257473312608205,0.6674177172653617
1508_CircularWalking,780,15600,116.4018606677833,77.77243099176276,55.96437365995008,77.55601846972708,54.65741962824306,1.751687666896184
1508_StraightWalking,80,1600,83.21590583324071,63.48320855422593,56.28140966832059,50.444079620842885,45.58955709976173,0.8444748063852363
1602_CircularWalking,881,17620,146.81171428074816,90.905109290361,61.90181569538641,90.83569369191004,59.27947143824586,1.4454608644605311
1602_StraightWalking,102,2040,96.64783099083972,77.35893281847426,64.49818159489483,65.73774276245055,56.13333639035751,0.6218884175185191
1847_CircularWalking,577,11540,94.05643340285602,90.91664328563692,58.04312915925162,78.90957140022759,57.08084799163227,1.8604476882668
1847_StraightWalking,95,1900,81.85552238505815,67.51459418052059,60.62692881279357,64.00726947750246,56.93570624950844,0.849616243953985
2112_CircularWalking,748,14960,107.60317697352708,68.11448215760268,52.802498987093934,65.37552639098872,51.089538695493786,1.7104848016222518
2112_StraightWalking,106,2120,94.03712123921026,65.25214811897614,58.42563382711258,63.66416321445769,54.69041312181852,1.1440526245428062
2198_CircularWalking,570,11400,102.31114976180191,73.33689583888791,56.831152514122856,73.88232153206137,55.26933592150369,1.4761366862423475
2198_StraightWalking,86,1720,84.78801100193826,66.13513089915092,54.27556876283855,58.607284953769735,49.55601608928103,0.9411626137200968
2307_CircularWalking,582,11640,91.35490804022014,63.159435234198455,47.81010924012423,59.72756127066545,45.713519933384674,0.8005688178687902
2307_StraightWalking,79,1580,93.27701385432704,67.90083273622054,59.75497867365574,65.15398208527672,58.22127826891317,0.9265726376320996
3361_CircularWalking,606,12120,91.80783728295516,75.6224263156352,51.03900558105517,64.9446143596149,49.46173298309403,1.1991164122909184
3361_StraightWalking,108,2160,66.5863734108188,61.79207927006374,56.36291118821771,57.70644873868207,50.22044893975328,1.3571124331487652
4216_CircularWalking,739,14780,88.60151736770499,64.95729916067937,51.156925189170906,63.58771839088396,49.15010098463696,1.8383694003316664
4216_StraightWalking,107,2140,99.81467313856524,60.69184272328443,55.89438102230209,56.15550740113101,51.04366400129582,0.6054546185688484
4279_CircularWalking,534,10680,122.4374546591152,85.79163865105815,65.90905329765127,86.09049222103289,64.0709275756691,2.3619974129024097
4279_StraightWalking,75,1500,85.92438060156314,64.42825257575589,59.5902188849066,60.41255623906033,54.27298560677946,1.666197170655988
4509_CircularWalking,866,17320,104.64010848480368,69.0536494599613,51.35048140763862,67.65366982685765,50.16793084180963,2.314449285881924
4509_StraightWalking,102,2040,112.07364174561526,73.1191837218612,64.36511788893347,71.3773443188174,61.04004687854778,1.334854894503395
4612_CircularWalking,816,16320,103.11623483946458,66.80419370565143,50.851057452720696,66.31354172045975,49.58797631691139,1.431711405846189
4612_StraightWalking,91,1820,106.22362549370308,63.51905243692671,55.145162309664784,64.39957686773722,53.63768155441653,1.0361785598399962
4665_CircularWalking,584,11680,103.77346376631355,61.50594420722705,48.22683347257822,61.2836768106676,47.45929916668389,1.1083577410572227
4665_StraightWalking,80,1600,111.45393006078504,71.10494175180668,60.90095062923434,64.50136200884428,56.182350826628266,0.8828624199422834
