trial,participant,task,dof,n_frames,time_offset_frames,sign,rmsd_reference_calibration_vs_mocap_deg,rmsd_humancalib_vs_mocap_deg
COMFI_1012_CircularWalking,1012,CircularWalking,hip_flexion_r,997,2,1.0,5.253128469479123,4.353010902616448
COMFI_1012_CircularWalking,1012,CircularWalking,hip_adduction_r,999,-8,1.0,7.832262985599539,7.7184302195885905
COMFI_1012_CircularWalking,1012,CircularWalking,hip_rotation_r,998,1,1.0,12.360596076054746,11.995901736485656
COMFI_1012_CircularWalking,1012,CircularWalking,knee_angle_r,998,1,1.0,5.324092310727539,4.745729799950593
COMFI_1012_CircularWalking,1012,CircularWalking,ankle_angle_r,995,4,1.0,6.704748640734493,5.166949993022842
COMFI_1012_CircularWalking,1012,CircularWalking,subtalar_angle_r,991,8,1.0,10.584254109095244,9.498730243274176
COMFI_1012_CircularWalking,1012,CircularWalking,hip_flexion_l,997,2,1.0,6.146343365957597,4.543382203366534
COMFI_1012_CircularWalking,1012,CircularWalking,hip_adduction_l,999,-8,1.0,8.72214222207793,8.909527883839484
COMFI_1012_CircularWalking,1012,CircularWalking,hip_rotation_l,996,3,1.0,12.457002203819291,11.09869024392863
COMFI_1012_CircularWalking,1012,CircularWalking,knee_angle_l,998,1,1.0,6.366992414674,5.171560296787803
COMFI_1012_CircularWalking,1012,CircularWalking,ankle_angle_l,997,2,1.0,7.864236845731757,7.090968771291202
COMFI_1012_CircularWalking,1012,CircularWalking,subtalar_angle_l,999,-8,1.0,11.453817313370545,10.148931671205473
COMFI_1012_StraightWalking,1012,StraightWalking,hip_flexion_r,277,4,1.0,5.093408105681522,4.7128753672039965
COMFI_1012_StraightWalking,1012,StraightWalking,hip_adduction_r,274,-8,1.0,7.308241320950583,6.445412796806583
COMFI_1012_StraightWalking,1012,StraightWalking,hip_rotation_r,273,8,-1.0,15.706318779263766,6.689657732531973
COMFI_1012_StraightWalking,1012,StraightWalking,knee_angle_r,277,4,1.0,6.648583706228545,6.1993040868444185
COMFI_1012_StraightWalking,1012,StraightWalking,ankle_angle_r,281,-1,1.0,11.81610998463839,12.663962213210445
COMFI_1012_StraightWalking,1012,StraightWalking,subtalar_angle_r,273,8,1.0,11.631582915341095,9.313988668269008
COMFI_1012_StraightWalking,1012,StraightWalking,hip_flexion_l,277,4,1.0,4.554117162575075,8.127170425217386
COMFI_1012_StraightWalking,1012,StraightWalking,hip_adduction_l,274,-8,1.0,5.881840601626195,7.003593024869726
COMFI_1012_StraightWalking,1012,StraightWalking,hip_rotation_l,279,2,1.0,12.913623335369206,11.001477237426387
COMFI_1012_StraightWalking,1012,StraightWalking,knee_angle_l,278,3,1.0,5.141512292484764,7.347549287971072
COMFI_1012_StraightWalking,1012,StraightWalking,ankle_angle_l,279,2,1.0,14.612160263605633,17.771954500534928
COMFI_1012_StraightWalking,1012,StraightWalking,subtalar_angle_l,276,-6,1.0,10.438064638196604,11.760230391449516
COMFI_1118_CircularWalking,1118,CircularWalking,hip_flexion_r,997,2,1.0,6.212030981690981,4.316183250469841
COMFI_1118_CircularWalking,1118,CircularWalking,hip_adduction_r,999,-8,-1.0,4.951785716761098,4.11452989654197
COMFI_1118_CircularWalking,1118,CircularWalking,hip_rotation_r,994,5,1.0,13.366982155172428,12.057362236208526
COMFI_1118_CircularWalking,1118,CircularWalking,knee_angle_r,997,2,1.0,4.511903730999029,3.850184624199625
COMFI_1118_CircularWalking,1118,CircularWalking,ankle_angle_r,996,3,1.0,7.68747103932806,6.159717592433182
COMFI_1118_CircularWalking,1118,CircularWalking,subtalar_angle_r,999,-1,1.0,9.772815945526029,7.055763125625405
COMFI_1118_CircularWalking,1118,CircularWalking,hip_flexion_l,998,1,1.0,6.858062421104789,4.942044772663482
COMFI_1118_CircularWalking,1118,CircularWalking,hip_adduction_l,999,-8,-1.0,5.2247604871740645,4.749145657549069
COMFI_1118_CircularWalking,1118,CircularWalking,hip_rotation_l,997,2,1.0,11.03790150959137,10.147215109162836
COMFI_1118_CircularWalking,1118,CircularWalking,knee_angle_l,997,2,1.0,5.2438938710381375,4.669462418427549
COMFI_1118_CircularWalking,1118,CircularWalking,ankle_angle_l,994,5,1.0,5.292413015127301,5.965306207392773
COMFI_1118_CircularWalking,1118,CircularWalking,subtalar_angle_l,994,5,1.0,10.280863728285984,9.455255196695209
COMFI_1118_StraightWalking,1118,StraightWalking,hip_flexion_r,374,-4,1.0,5.969496939844263,8.105485516386722
COMFI_1118_StraightWalking,1118,StraightWalking,hip_adduction_r,370,-8,-1.0,7.580974929717761,5.331012453626343
COMFI_1118_StraightWalking,1118,StraightWalking,hip_rotation_r,370,-8,-1.0,16.660830841420218,7.124073632694033
COMFI_1118_StraightWalking,1118,StraightWalking,knee_angle_r,373,4,1.0,9.434725039743496,6.775222335076368
COMFI_1118_StraightWalking,1118,StraightWalking,ankle_angle_r,376,-2,1.0,15.159363828086118,9.994561141426324
COMFI_1118_StraightWalking,1118,StraightWalking,subtalar_angle_r,369,8,-1.0,12.031795829987871,9.639446300711745
COMFI_1118_StraightWalking,1118,StraightWalking,hip_flexion_l,369,8,1.0,7.243801060357423,9.904091510780177
COMFI_1118_StraightWalking,1118,StraightWalking,hip_adduction_l,370,-8,-1.0,7.033919515038158,5.107960220468287
COMFI_1118_StraightWalking,1118,StraightWalking,hip_rotation_l,370,-8,1.0,10.77031457181545,7.34018425842209
COMFI_1118_StraightWalking,1118,StraightWalking,knee_angle_l,375,2,1.0,8.173314183675695,7.102509535189252
COMFI_1118_StraightWalking,1118,StraightWalking,ankle_angle_l,369,8,1.0,14.27576180142393,8.664478123668003
COMFI_1118_StraightWalking,1118,StraightWalking,subtalar_angle_l,370,-8,1.0,10.415183293244493,8.381786516448438
COMFI_1508_CircularWalking,1508,CircularWalking,hip_flexion_r,996,3,1.0,5.832714192686977,5.420392711692494
COMFI_1508_CircularWalking,1508,CircularWalking,hip_adduction_r,999,-8,1.0,8.71966342577546,7.7236358415545
COMFI_1508_CircularWalking,1508,CircularWalking,hip_rotation_r,996,3,1.0,12.871658769480977,13.00352460815101
COMFI_1508_CircularWalking,1508,CircularWalking,knee_angle_r,996,3,1.0,4.87719023164915,4.2178609399484825
COMFI_1508_CircularWalking,1508,CircularWalking,ankle_angle_r,995,4,1.0,5.344760036148617,4.5294775274981225
COMFI_1508_CircularWalking,1508,CircularWalking,subtalar_angle_r,993,6,1.0,7.955091047220736,5.9866931453480925
COMFI_1508_CircularWalking,1508,CircularWalking,hip_flexion_l,995,4,1.0,6.146033448883147,5.194662352782324
COMFI_1508_CircularWalking,1508,CircularWalking,hip_adduction_l,999,-8,-1.0,9.143971085292714,8.740782786813124
COMFI_1508_CircularWalking,1508,CircularWalking,hip_rotation_l,997,2,1.0,16.427847069160176,15.019053660491831
COMFI_1508_CircularWalking,1508,CircularWalking,knee_angle_l,996,3,1.0,5.114153719262899,4.57853704791844
COMFI_1508_CircularWalking,1508,CircularWalking,ankle_angle_l,994,5,1.0,7.531933351542521,6.803931903632373
COMFI_1508_CircularWalking,1508,CircularWalking,subtalar_angle_l,999,0,1.0,8.7806767261712,7.054668827480852
COMFI_1508_StraightWalking,1508,StraightWalking,hip_flexion_r,333,2,1.0,8.761390747799291,5.40410830266827
COMFI_1508_StraightWalking,1508,StraightWalking,hip_adduction_r,328,-8,-1.0,6.913354220607673,7.471796984029203
COMFI_1508_StraightWalking,1508,StraightWalking,hip_rotation_r,328,7,1.0,16.635826577327123,13.616796585921428
COMFI_1508_StraightWalking,1508,StraightWalking,knee_angle_r,334,1,1.0,8.80995389974458,6.908889033549781
COMFI_1508_StraightWalking,1508,StraightWalking,ankle_angle_r,328,-8,-1.0,12.90611187814006,14.500150597752649
COMFI_1508_StraightWalking,1508,StraightWalking,subtalar_angle_r,327,8,1.0,12.14795167231526,9.901118567171812
COMFI_1508_StraightWalking,1508,StraightWalking,hip_flexion_l,331,4,1.0,7.464231745829442,7.671308542836582
COMFI_1508_StraightWalking,1508,StraightWalking,hip_adduction_l,328,-8,-1.0,7.157886445227629,6.059792412660976
COMFI_1508_StraightWalking,1508,StraightWalking,hip_rotation_l,332,3,-1.0,11.548297293476224,11.070588941344443
COMFI_1508_StraightWalking,1508,StraightWalking,knee_angle_l,332,3,1.0,8.323224191148366,7.64033062367056
COMFI_1508_StraightWalking,1508,StraightWalking,ankle_angle_l,330,5,1.0,9.171523553404487,7.29920650829858
COMFI_1508_StraightWalking,1508,StraightWalking,subtalar_angle_l,334,1,1.0,6.9881759767660565,6.941536212106726
COMFI_1602_CircularWalking,1602,CircularWalking,hip_flexion_r,997,2,1.0,6.482116119957484,5.440156561092606
COMFI_1602_CircularWalking,1602,CircularWalking,hip_adduction_r,999,-8,-1.0,10.64724012892198,9.485717986173794
COMFI_1602_CircularWalking,1602,CircularWalking,hip_rotation_r,996,3,1.0,11.186888042969493,11.07403773103741
COMFI_1602_CircularWalking,1602,CircularWalking,knee_angle_r,996,3,1.0,5.332201824360623,4.713199088303592
COMFI_1602_CircularWalking,1602,CircularWalking,ankle_angle_r,993,6,1.0,4.509740978854463,4.091554041305596
COMFI_1602_CircularWalking,1602,CircularWalking,subtalar_angle_r,995,4,1.0,8.512788483863817,6.192402201647832
COMFI_1602_CircularWalking,1602,CircularWalking,hip_flexion_l,996,3,1.0,7.443004558731778,5.508567935229565
COMFI_1602_CircularWalking,1602,CircularWalking,hip_adduction_l,999,-8,-1.0,10.457832511869318,9.78252996313672
COMFI_1602_CircularWalking,1602,CircularWalking,hip_rotation_l,993,6,1.0,12.504702313386684,10.43857899351346
COMFI_1602_CircularWalking,1602,CircularWalking,knee_angle_l,995,4,1.0,4.231589005700525,3.716895604170244
COMFI_1602_CircularWalking,1602,CircularWalking,ankle_angle_l,994,5,1.0,5.017708365956258,5.104057955791967
COMFI_1602_CircularWalking,1602,CircularWalking,subtalar_angle_l,999,-1,1.0,7.955206280056842,6.408220248643504
COMFI_1602_StraightWalking,1602,StraightWalking,hip_flexion_r,274,2,1.0,6.549888264744634,5.698229043941532
COMFI_1602_StraightWalking,1602,StraightWalking,hip_adduction_r,268,8,-1.0,6.350264744011946,4.438345341511551
COMFI_1602_StraightWalking,1602,StraightWalking,hip_rotation_r,272,4,1.0,7.954674133878367,8.287148018409594
COMFI_1602_StraightWalking,1602,StraightWalking,knee_angle_r,274,2,1.0,8.75684931952131,7.867478520696086
COMFI_1602_StraightWalking,1602,StraightWalking,ankle_angle_r,268,8,1.0,11.685585732671012,10.246921347501305
COMFI_1602_StraightWalking,1602,StraightWalking,subtalar_angle_r,274,2,1.0,11.25638624987004,12.348284996656927
COMFI_1602_StraightWalking,1602,StraightWalking,hip_flexion_l,272,4,1.0,6.289409137416726,8.853117156475959
COMFI_1602_StraightWalking,1602,StraightWalking,hip_adduction_l,269,-8,-1.0,5.72780581093157,5.841805520249179
COMFI_1602_StraightWalking,1602,StraightWalking,hip_rotation_l,269,-8,1.0,10.595321541985896,10.55249715435938
COMFI_1602_StraightWalking,1602,StraightWalking,knee_angle_l,274,2,1.0,8.033169733512066,6.091989039904321
COMFI_1602_StraightWalking,1602,StraightWalking,ankle_angle_l,273,3,1.0,8.315726864766074,8.427617766389915
COMFI_1602_StraightWalking,1602,StraightWalking,subtalar_angle_l,275,-2,1.0,9.727364176295149,9.618964292089744
COMFI_1847_CircularWalking,1847,CircularWalking,hip_flexion_r,995,4,1.0,6.415310454657631,5.389687895808403
COMFI_1847_CircularWalking,1847,CircularWalking,hip_adduction_r,999,-8,-1.0,6.7906981790237175,6.372489320673012
COMFI_1847_CircularWalking,1847,CircularWalking,hip_rotation_r,994,5,1.0,13.79906417836869,13.464893601401933
COMFI_1847_CircularWalking,1847,CircularWalking,knee_angle_r,996,3,1.0,6.250640875398469,6.019590637684108
COMFI_1847_CircularWalking,1847,CircularWalking,ankle_angle_r,994,5,1.0,4.810399522707609,5.376141809084595
COMFI_1847_CircularWalking,1847,CircularWalking,subtalar_angle_r,999,-1,1.0,10.899858699573755,9.812301444827346
COMFI_1847_CircularWalking,1847,CircularWalking,hip_flexion_l,998,1,1.0,7.429578926607093,6.560570419679445
COMFI_1847_CircularWalking,1847,CircularWalking,hip_adduction_l,999,-8,-1.0,6.981050545564924,7.012395146410968
COMFI_1847_CircularWalking,1847,CircularWalking,hip_rotation_l,994,5,1.0,14.312158564854206,13.42015389700737
COMFI_1847_CircularWalking,1847,CircularWalking,knee_angle_l,996,3,1.0,5.450936093946198,5.0301484222358495
COMFI_1847_CircularWalking,1847,CircularWalking,ankle_angle_l,994,5,1.0,5.37100017625913,6.555585364163971
COMFI_1847_CircularWalking,1847,CircularWalking,subtalar_angle_l,999,-7,1.0,10.260356037018578,9.730321975763571
COMFI_1847_StraightWalking,1847,StraightWalking,hip_flexion_r,296,1,1.0,5.416567492476806,5.566440053164114
COMFI_1847_StraightWalking,1847,StraightWalking,hip_adduction_r,290,-8,-1.0,5.194216020841467,4.993143451198868
COMFI_1847_StraightWalking,1847,StraightWalking,hip_rotation_r,296,1,-1.0,8.056715937300837,8.692626849312074
COMFI_1847_StraightWalking,1847,StraightWalking,knee_angle_r,295,2,1.0,11.10904573907338,9.371614857410954
COMFI_1847_StraightWalking,1847,StraightWalking,ankle_angle_r,293,4,1.0,12.384592616884,11.143938699839978
COMFI_1847_StraightWalking,1847,StraightWalking,subtalar_angle_r,290,-8,1.0,12.661634084045994,9.407975801388275
COMFI_1847_StraightWalking,1847,StraightWalking,hip_flexion_l,292,5,1.0,4.99396050008897,7.471521475399077
COMFI_1847_StraightWalking,1847,StraightWalking,hip_adduction_l,290,-8,-1.0,5.600900669221683,4.423871451769351
COMFI_1847_StraightWalking,1847,StraightWalking,hip_rotation_l,293,-5,1.0,10.217117775683034,8.48148367562483
COMFI_1847_StraightWalking,1847,StraightWalking,knee_angle_l,295,2,1.0,7.622987307092202,6.636922549273158
COMFI_1847_StraightWalking,1847,StraightWalking,ankle_angle_l,289,8,1.0,9.735127903605456,10.559453180037924
COMFI_1847_StraightWalking,1847,StraightWalking,subtalar_angle_l,294,3,1.0,8.991328015082711,10.600841034528484
COMFI_2112_CircularWalking,2112,CircularWalking,hip_flexion_r,998,1,1.0,5.375072253975703,5.29123990991335
COMFI_2112_CircularWalking,2112,CircularWalking,hip_adduction_r,999,-8,1.0,6.185776996468461,5.802671618079026
COMFI_2112_CircularWalking,2112,CircularWalking,hip_rotation_r,994,5,1.0,13.71772947902584,12.532740615200945
COMFI_2112_CircularWalking,2112,CircularWalking,knee_angle_r,998,1,1.0,5.364647662649915,4.695123017853166
COMFI_2112_CircularWalking,2112,CircularWalking,ankle_angle_r,995,4,1.0,7.078052426018011,5.112186210280177
COMFI_2112_CircularWalking,2112,CircularWalking,subtalar_angle_r,994,5,1.0,9.309640793442105,7.465342395834402
COMFI_2112_CircularWalking,2112,CircularWalking,hip_flexion_l,997,2,1.0,4.684023223392383,4.717179205789765
COMFI_2112_CircularWalking,2112,CircularWalking,hip_adduction_l,999,-8,-1.0,6.337283660103002,6.017057924034912
COMFI_2112_CircularWalking,2112,CircularWalking,hip_rotation_l,999,0,1.0,12.495868000466302,11.700108985081116
COMFI_2112_CircularWalking,2112,CircularWalking,knee_angle_l,997,2,1.0,5.132580595600583,4.541673328451618
COMFI_2112_CircularWalking,2112,CircularWalking,ankle_angle_l,996,3,1.0,7.868581935856204,6.34370681202576
COMFI_2112_CircularWalking,2112,CircularWalking,subtalar_angle_l,999,-6,1.0,10.665420253342475,9.807441396382076
COMFI_2112_StraightWalking,2112,StraightWalking,hip_flexion_r,258,4,1.0,6.426381882127923,6.049704043937864
COMFI_2112_StraightWalking,2112,StraightWalking,hip_adduction_r,255,-8,1.0,7.640101140796815,4.615262181991466
COMFI_2112_StraightWalking,2112,StraightWalking,hip_rotation_r,258,4,1.0,16.17652573311806,6.273332340436342
COMFI_2112_StraightWalking,2112,StraightWalking,knee_angle_r,258,4,1.0,13.815803109646245,10.977013097542589
COMFI_2112_StraightWalking,2112,StraightWalking,ankle_angle_r,254,8,1.0,15.730357628979718,13.92641919237615
COMFI_2112_StraightWalking,2112,StraightWalking,subtalar_angle_r,260,2,1.0,15.029853022826698,9.671805462299323
COMFI_2112_StraightWalking,2112,StraightWalking,hip_flexion_l,257,5,1.0,7.293430026096886,5.388178174769188
COMFI_2112_StraightWalking,2112,StraightWalking,hip_adduction_l,255,-8,1.0,5.312726344431454,4.234262714161971
COMFI_2112_StraightWalking,2112,StraightWalking,hip_rotation_l,255,-8,1.0,14.3005915597382,9.287271107135211
COMFI_2112_StraightWalking,2112,StraightWalking,knee_angle_l,261,1,1.0,11.888757746496031,7.571621910627244
COMFI_2112_StraightWalking,2112,StraightWalking,ankle_angle_l,254,8,1.0,10.916275636969642,14.10220217511588
COMFI_2112_StraightWalking,2112,StraightWalking,subtalar_angle_l,261,1,1.0,10.0675383802163,7.072582075801528
COMFI_2198_CircularWalking,2198,CircularWalking,hip_flexion_r,999,0,1.0,5.53953986467053,5.493658415536583
COMFI_2198_CircularWalking,2198,CircularWalking,hip_adduction_r,999,-8,1.0,9.67990865778047,9.212412689595077
COMFI_2198_CircularWalking,2198,CircularWalking,hip_rotation_r,999,-2,1.0,12.304521894685635,12.20820032111898
COMFI_2198_CircularWalking,2198,CircularWalking,knee_angle_r,996,3,1.0,4.607879102059097,4.310420970258805
COMFI_2198_CircularWalking,2198,CircularWalking,ankle_angle_r,994,5,1.0,4.886631894260122,4.249153985383151
COMFI_2198_CircularWalking,2198,CircularWalking,subtalar_angle_r,997,2,1.0,6.041141293963928,5.667531165246925
COMFI_2198_CircularWalking,2198,CircularWalking,hip_flexion_l,995,4,1.0,4.035436210865554,4.254250044245983
COMFI_2198_CircularWalking,2198,CircularWalking,hip_adduction_l,999,-8,1.0,9.22842092002815,9.306115108063596
COMFI_2198_CircularWalking,2198,CircularWalking,hip_rotation_l,994,5,1.0,9.350362682651916,8.8486232438524
COMFI_2198_CircularWalking,2198,CircularWalking,knee_angle_l,996,3,1.0,4.311797729389341,3.9993937959999646
COMFI_2198_CircularWalking,2198,CircularWalking,ankle_angle_l,995,4,1.0,5.190042772129205,5.123907207594831
COMFI_2198_CircularWalking,2198,CircularWalking,subtalar_angle_l,996,3,1.0,8.110156447602698,7.998731887781754
COMFI_2198_StraightWalking,2198,StraightWalking,hip_flexion_r,317,2,1.0,7.731271625436166,7.303697153001092
COMFI_2198_StraightWalking,2198,StraightWalking,hip_adduction_r,311,8,-1.0,6.807999906413599,4.025847682039517
COMFI_2198_StraightWalking,2198,StraightWalking,hip_rotation_r,314,5,1.0,8.547922220579927,8.077360891379017
COMFI_2198_StraightWalking,2198,StraightWalking,knee_angle_r,317,2,1.0,8.578105821475202,11.454021274798206
COMFI_2198_StraightWalking,2198,StraightWalking,ankle_angle_r,316,3,1.0,8.90936156261377,10.81388402969201
COMFI_2198_StraightWalking,2198,StraightWalking,subtalar_angle_r,315,4,1.0,6.471279329870698,6.104457394171462
COMFI_2198_StraightWalking,2198,StraightWalking,hip_flexion_l,316,3,1.0,6.049753040123216,5.35442670706152
COMFI_2198_StraightWalking,2198,StraightWalking,hip_adduction_l,312,-8,-1.0,7.800064647429945,8.20621701637858
COMFI_2198_StraightWalking,2198,StraightWalking,hip_rotation_l,314,5,1.0,11.360290645342852,11.222737150993163
COMFI_2198_StraightWalking,2198,StraightWalking,knee_angle_l,316,3,1.0,9.95770835588205,5.830170431700813
COMFI_2198_StraightWalking,2198,StraightWalking,ankle_angle_l,317,-3,-1.0,13.080018694063972,15.670307715107018
COMFI_2198_StraightWalking,2198,StraightWalking,subtalar_angle_l,316,3,1.0,9.601282708369547,6.664840252108075
COMFI_2307_CircularWalking,2307,CircularWalking,hip_flexion_r,998,1,1.0,6.1868041706392845,4.889148449863878
COMFI_2307_CircularWalking,2307,CircularWalking,hip_adduction_r,999,-8,-1.0,7.827264172097965,6.593081063170072
COMFI_2307_CircularWalking,2307,CircularWalking,hip_rotation_r,994,5,1.0,11.557081642210347,11.966405675149174
COMFI_2307_CircularWalking,2307,CircularWalking,knee_angle_r,998,1,1.0,4.7389429580554046,4.447028527990305
COMFI_2307_CircularWalking,2307,CircularWalking,ankle_angle_r,996,3,1.0,3.8527029761137577,4.292870656585941
COMFI_2307_CircularWalking,2307,CircularWalking,subtalar_angle_r,995,4,1.0,10.393838073322906,9.084142758114805
COMFI_2307_CircularWalking,2307,CircularWalking,hip_flexion_l,998,1,1.0,6.955460194161338,5.142924155992617
COMFI_2307_CircularWalking,2307,CircularWalking,hip_adduction_l,999,-8,-1.0,6.815412750108238,6.237488930554747
COMFI_2307_CircularWalking,2307,CircularWalking,hip_rotation_l,998,1,1.0,14.390624910307952,13.23410710025245
COMFI_2307_CircularWalking,2307,CircularWalking,knee_angle_l,998,1,1.0,5.713384062134428,5.193772224301028
COMFI_2307_CircularWalking,2307,CircularWalking,ankle_angle_l,995,4,1.0,7.286067068839502,6.329950665309623
COMFI_2307_CircularWalking,2307,CircularWalking,subtalar_angle_l,999,-8,1.0,9.060479006127528,8.052139386298322
COMFI_3361_CircularWalking,3361,CircularWalking,hip_flexion_r,996,3,1.0,5.827447998307582,4.367465936424793
COMFI_3361_CircularWalking,3361,CircularWalking,hip_adduction_r,999,-8,-1.0,6.805787666937751,6.08127139788649
COMFI_3361_CircularWalking,3361,CircularWalking,hip_rotation_r,995,4,1.0,13.226721656840397,13.332908325535248
COMFI_3361_CircularWalking,3361,CircularWalking,knee_angle_r,997,2,1.0,4.945783475379431,4.758352554058384
COMFI_3361_CircularWalking,3361,CircularWalking,ankle_angle_r,993,6,1.0,5.720333326083346,5.829348964559679
COMFI_3361_CircularWalking,3361,CircularWalking,subtalar_angle_r,999,0,1.0,10.470361828339982,9.64584525578594
COMFI_3361_CircularWalking,3361,CircularWalking,hip_flexion_l,997,2,1.0,7.683619578803115,5.671710606852331
COMFI_3361_CircularWalking,3361,CircularWalking,hip_adduction_l,999,-8,-1.0,7.703438243597628,7.329719372785138
COMFI_3361_CircularWalking,3361,CircularWalking,hip_rotation_l,995,4,1.0,13.873213168696516,12.349064779392318
COMFI_3361_CircularWalking,3361,CircularWalking,knee_angle_l,997,2,1.0,4.974892853400372,4.622496588176672
COMFI_3361_CircularWalking,3361,CircularWalking,ankle_angle_l,995,4,1.0,4.216712204810146,4.318270180769649
COMFI_3361_CircularWalking,3361,CircularWalking,subtalar_angle_l,999,-8,1.0,9.683427254125515,9.131930822564865
COMFI_3361_StraightWalking,3361,StraightWalking,hip_flexion_r,390,1,1.0,8.914638412652835,9.078059471099907
COMFI_3361_StraightWalking,3361,StraightWalking,hip_adduction_r,384,-8,-1.0,7.49364224845527,5.88123746624713
COMFI_3361_StraightWalking,3361,StraightWalking,hip_rotation_r,384,-8,1.0,8.670453241779471,7.356425478796408
COMFI_3361_StraightWalking,3361,StraightWalking,knee_angle_r,388,3,1.0,8.47092253142773,7.64183155066836
COMFI_3361_StraightWalking,3361,StraightWalking,ankle_angle_r,387,4,1.0,7.069419394516933,9.15093713079272
COMFI_3361_StraightWalking,3361,StraightWalking,subtalar_angle_r,390,-2,1.0,12.771905172926791,8.38573729334315
COMFI_3361_StraightWalking,3361,StraightWalking,hip_flexion_l,388,3,1.0,8.664619009924625,9.348803815107797
COMFI_3361_StraightWalking,3361,StraightWalking,hip_adduction_l,384,-8,-1.0,5.204891126968107,4.919834954214217
COMFI_3361_StraightWalking,3361,StraightWalking,hip_rotation_l,384,-8,1.0,11.626077715830982,8.613865475869632
COMFI_3361_StraightWalking,3361,StraightWalking,knee_angle_l,389,2,1.0,7.332505514565776,6.10333251098136
COMFI_3361_StraightWalking,3361,StraightWalking,ankle_angle_l,386,5,1.0,10.544617167914655,11.998780061797326
COMFI_3361_StraightWalking,3361,StraightWalking,subtalar_angle_l,391,0,-1.0,10.13774514329378,11.385546736794018
COMFI_4216_CircularWalking,4216,CircularWalking,hip_flexion_r,997,2,1.0,4.219526289487479,5.114958206077424
COMFI_4216_CircularWalking,4216,CircularWalking,hip_adduction_r,999,-8,1.0,6.803669892801431,6.855313770514225
COMFI_4216_CircularWalking,4216,CircularWalking,hip_rotation_r,995,4,1.0,13.855310683117688,13.842760266642076
COMFI_4216_CircularWalking,4216,CircularWalking,knee_angle_r,997,2,1.0,5.203592489924745,5.014579549847293
COMFI_4216_CircularWalking,4216,CircularWalking,ankle_angle_r,995,4,1.0,5.028227777327599,4.5695490722281065
COMFI_4216_CircularWalking,4216,CircularWalking,subtalar_angle_r,992,7,1.0,9.821497749977764,9.122210499843854
COMFI_4216_CircularWalking,4216,CircularWalking,hip_flexion_l,997,2,1.0,3.75945148626534,4.2905457486530345
COMFI_4216_CircularWalking,4216,CircularWalking,hip_adduction_l,999,-8,1.0,8.022257309650904,8.08478113052568
COMFI_4216_CircularWalking,4216,CircularWalking,hip_rotation_l,996,3,1.0,12.792288402621203,11.61619967114532
COMFI_4216_CircularWalking,4216,CircularWalking,knee_angle_l,997,2,1.0,4.000342441064978,3.626592555365147
COMFI_4216_CircularWalking,4216,CircularWalking,ankle_angle_l,995,4,1.0,6.125978853943103,5.667912381278763
COMFI_4216_CircularWalking,4216,CircularWalking,subtalar_angle_l,999,-6,1.0,8.308509489257338,8.020607095626152
COMFI_4216_StraightWalking,4216,StraightWalking,hip_flexion_r,374,2,1.0,5.405893767250396,9.341554214251346
COMFI_4216_StraightWalking,4216,StraightWalking,hip_adduction_r,369,-8,1.0,5.787353475610559,7.049667369274564
COMFI_4216_StraightWalking,4216,StraightWalking,hip_rotation_r,370,6,1.0,4.015517421954874,7.97662206064639
COMFI_4216_StraightWalking,4216,StraightWalking,knee_angle_r,376,0,1.0,7.856197787350587,8.166753348532948
COMFI_4216_StraightWalking,4216,StraightWalking,ankle_angle_r,369,7,1.0,11.70846808405692,11.929230655080032
COMFI_4216_StraightWalking,4216,StraightWalking,subtalar_angle_r,376,0,1.0,11.04729796784402,9.67135904547246
COMFI_4216_StraightWalking,4216,StraightWalking,hip_flexion_l,375,1,1.0,4.380798069432836,6.815271031466659
COMFI_4216_StraightWalking,4216,StraightWalking,hip_adduction_l,369,-8,1.0,5.338497750990979,6.481336867860889
COMFI_4216_StraightWalking,4216,StraightWalking,hip_rotation_l,374,2,1.0,9.6407538885148,8.690816625796158
COMFI_4216_StraightWalking,4216,StraightWalking,knee_angle_l,376,0,1.0,7.423890525986524,6.572609807999932
COMFI_4216_StraightWalking,4216,StraightWalking,ankle_angle_l,368,8,1.0,9.340015852161118,9.365695976340342
COMFI_4216_StraightWalking,4216,StraightWalking,subtalar_angle_l,369,-8,1.0,7.207187751046565,9.485737067273709
COMFI_4279_CircularWalking,4279,CircularWalking,hip_flexion_r,995,4,1.0,5.702166691095921,4.875508512513397
COMFI_4279_CircularWalking,4279,CircularWalking,hip_adduction_r,999,-8,-1.0,8.395123318514344,7.1642598872471
COMFI_4279_CircularWalking,4279,CircularWalking,hip_rotation_r,991,8,1.0,12.766986888492545,12.032059774666712
COMFI_4279_CircularWalking,4279,CircularWalking,knee_angle_r,995,4,1.0,6.561981723329543,4.758737345872157
COMFI_4279_CircularWalking,4279,CircularWalking,ankle_angle_r,993,6,1.0,7.195048175869195,5.59288978532665
COMFI_4279_CircularWalking,4279,CircularWalking,subtalar_angle_r,991,8,1.0,9.764942719604248,7.11794541982358
COMFI_4279_CircularWalking,4279,CircularWalking,hip_flexion_l,995,4,1.0,5.779917950071857,4.409392934050055
COMFI_4279_CircularWalking,4279,CircularWalking,hip_adduction_l,999,-8,-1.0,6.779256602403535,5.839612472652902
COMFI_4279_CircularWalking,4279,CircularWalking,hip_rotation_l,995,4,1.0,13.519225349220564,10.499255533349327
COMFI_4279_CircularWalking,4279,CircularWalking,knee_angle_l,995,4,1.0,5.415007675488835,4.261178295837901
COMFI_4279_CircularWalking,4279,CircularWalking,ankle_angle_l,994,5,1.0,6.106362453515046,5.157359690280809
COMFI_4279_CircularWalking,4279,CircularWalking,subtalar_angle_l,999,-8,1.0,11.523415862567226,10.130567544574106
COMFI_4279_StraightWalking,4279,StraightWalking,hip_flexion_r,263,8,1.0,8.09999486839402,8.606862300386965
COMFI_4279_StraightWalking,4279,StraightWalking,hip_adduction_r,264,-8,1.0,7.314936040791316,6.510813673728612
COMFI_4279_StraightWalking,4279,StraightWalking,hip_rotation_r,268,3,1.0,18.448364339943648,14.975872634569098
COMFI_4279_StraightWalking,4279,StraightWalking,knee_angle_r,268,3,1.0,12.354033095165583,5.871423224925273
COMFI_4279_StraightWalking,4279,StraightWalking,ankle_angle_r,263,8,1.0,18.9731015255185,19.988329420929663
COMFI_4279_StraightWalking,4279,StraightWalking,subtalar_angle_r,268,3,1.0,14.28406923933768,12.846932134211384
COMFI_4279_StraightWalking,4279,StraightWalking,hip_flexion_l,270,1,1.0,8.19958840540578,9.482845060741852
COMFI_4279_StraightWalking,4279,StraightWalking,hip_adduction_l,264,-8,1.0,8.178084143988007,6.110820604047425
COMFI_4279_StraightWalking,4279,StraightWalking,hip_rotation_l,264,-8,-1.0,13.311750111374108,11.28826044448611
COMFI_4279_StraightWalking,4279,StraightWalking,knee_angle_l,267,4,1.0,5.973454472142056,6.912664925464954
COMFI_4279_StraightWalking,4279,StraightWalking,ankle_angle_l,269,2,1.0,6.185762501652586,7.345008827640317
COMFI_4279_StraightWalking,4279,StraightWalking,subtalar_angle_l,265,-7,-1.0,11.335060721031178,7.70146311946256
COMFI_4509_CircularWalking,4509,CircularWalking,hip_flexion_r,999,0,1.0,6.013364377802209,5.565195997017439
COMFI_4509_CircularWalking,4509,CircularWalking,hip_adduction_r,999,-8,-1.0,8.563046871104326,7.486440398159447
COMFI_4509_CircularWalking,4509,CircularWalking,hip_rotation_r,999,-6,1.0,16.851188078367297,16.644234705057396
COMFI_4509_CircularWalking,4509,CircularWalking,knee_angle_r,998,1,1.0,5.872057801917923,5.388310821927614
COMFI_4509_CircularWalking,4509,CircularWalking,ankle_angle_r,995,4,1.0,7.718923115246559,4.876988245528022
COMFI_4509_CircularWalking,4509,CircularWalking,subtalar_angle_r,996,3,1.0,10.067581110970629,8.984420523613785
COMFI_4509_CircularWalking,4509,CircularWalking,hip_flexion_l,997,2,1.0,5.845706401248655,6.449036352531779
COMFI_4509_CircularWalking,4509,CircularWalking,hip_adduction_l,999,-8,-1.0,6.736735578113727,5.898418094671885
COMFI_4509_CircularWalking,4509,CircularWalking,hip_rotation_l,996,3,1.0,15.698261691483555,13.584000058391414
COMFI_4509_CircularWalking,4509,CircularWalking,knee_angle_l,997,2,1.0,4.989538777793903,4.221539286029764
COMFI_4509_CircularWalking,4509,CircularWalking,ankle_angle_l,996,3,1.0,7.599319936002428,6.037094649769378
COMFI_4509_CircularWalking,4509,CircularWalking,subtalar_angle_l,999,-4,1.0,11.085752168490812,9.869677096509648
COMFI_4509_StraightWalking,4509,StraightWalking,hip_flexion_r,263,5,1.0,5.220690055820023,4.810286940500865
COMFI_4509_StraightWalking,4509,StraightWalking,hip_adduction_r,260,8,-1.0,5.456698870730919,5.003129672323561
COMFI_4509_StraightWalking,4509,StraightWalking,hip_rotation_r,268,0,-1.0,11.677582529467063,7.930515747382066
COMFI_4509_StraightWalking,4509,StraightWalking,knee_angle_r,266,2,1.0,7.525616104595151,8.25289734041364
COMFI_4509_StraightWalking,4509,StraightWalking,ankle_angle_r,264,4,1.0,16.26967924532658,13.801226283678297
COMFI_4509_StraightWalking,4509,StraightWalking,subtalar_angle_r,268,0,1.0,11.2197285539925,9.730021273664304
COMFI_4509_StraightWalking,4509,StraightWalking,hip_flexion_l,267,1,1.0,5.038404648159894,6.058511148838726
COMFI_4509_StraightWalking,4509,StraightWalking,hip_adduction_l,262,-8,-1.0,4.627553371504977,6.031262987936612
COMFI_4509_StraightWalking,4509,StraightWalking,hip_rotation_l,262,-8,-1.0,11.623379632187657,10.496773133059264
COMFI_4509_StraightWalking,4509,StraightWalking,knee_angle_l,267,1,1.0,10.11041866051814,8.11290627002332
COMFI_4509_StraightWalking,4509,StraightWalking,ankle_angle_l,267,1,1.0,9.23277116395912,7.441613972657067
COMFI_4509_StraightWalking,4509,StraightWalking,subtalar_angle_l,267,1,-1.0,7.004462350909205,9.120020716163788
COMFI_4612_CircularWalking,4612,CircularWalking,hip_flexion_r,998,1,1.0,5.647541295248356,5.79970605571354
COMFI_4612_CircularWalking,4612,CircularWalking,hip_adduction_r,999,-8,-1.0,7.871185737869029,7.328115134609785
COMFI_4612_CircularWalking,4612,CircularWalking,hip_rotation_r,999,0,1.0,13.540374426513978,13.389402690220152
COMFI_4612_CircularWalking,4612,CircularWalking,knee_angle_r,997,2,1.0,5.348851369553208,4.839064335987988
COMFI_4612_CircularWalking,4612,CircularWalking,ankle_angle_r,995,4,1.0,4.372257004091999,4.306683755763204
COMFI_4612_CircularWalking,4612,CircularWalking,subtalar_angle_r,992,7,1.0,9.925275373919312,8.256851895258999
COMFI_4612_CircularWalking,4612,CircularWalking,hip_flexion_l,996,3,1.0,4.906137643729652,4.881175742180299
COMFI_4612_CircularWalking,4612,CircularWalking,hip_adduction_l,999,-8,-1.0,7.095963749088615,6.946293648986077
COMFI_4612_CircularWalking,4612,CircularWalking,hip_rotation_l,998,1,1.0,11.82706522499808,10.39385877316937
COMFI_4612_CircularWalking,4612,CircularWalking,knee_angle_l,997,2,1.0,5.557194684243155,4.928316890489721
COMFI_4612_CircularWalking,4612,CircularWalking,ankle_angle_l,994,5,1.0,5.312651257008878,5.350959260763095
COMFI_4612_CircularWalking,4612,CircularWalking,subtalar_angle_l,999,-2,1.0,9.18198714012988,8.33139779474858
COMFI_4612_StraightWalking,4612,StraightWalking,hip_flexion_r,372,0,-1.0,7.652853538623886,8.245329096454974
COMFI_4612_StraightWalking,4612,StraightWalking,hip_adduction_r,372,0,-1.0,5.002789857369425,5.527712134781411
COMFI_4612_StraightWalking,4612,StraightWalking,hip_rotation_r,372,0,-1.0,10.155449437371876,5.606309864705619
COMFI_4612_StraightWalking,4612,StraightWalking,knee_angle_r,372,0,-1.0,15.996861553648012,15.873234440853324
COMFI_4612_StraightWalking,4612,StraightWalking,ankle_angle_r,372,0,-1.0,18.56859011223408,13.161294477445376
COMFI_4612_StraightWalking,4612,StraightWalking,subtalar_angle_r,365,-8,-1.0,11.700850755545318,7.690421956020699
COMFI_4612_StraightWalking,4612,StraightWalking,hip_flexion_l,372,0,-1.0,6.788082050739241,9.02652787449018
COMFI_4612_StraightWalking,4612,StraightWalking,hip_adduction_l,372,0,-1.0,5.93424573212059,4.908236425369145
COMFI_4612_StraightWalking,4612,StraightWalking,hip_rotation_l,364,8,-1.0,10.17305361725913,6.631876135744734
COMFI_4612_StraightWalking,4612,StraightWalking,knee_angle_l,372,0,-1.0,12.925363749360306,13.889743445807738
COMFI_4612_StraightWalking,4612,StraightWalking,ankle_angle_l,364,8,-1.0,7.608285434868197,8.553605887806814
COMFI_4612_StraightWalking,4612,StraightWalking,subtalar_angle_l,365,-8,-1.0,5.332231573872111,6.90374545398379
COMFI_4665_CircularWalking,4665,CircularWalking,hip_flexion_r,999,-1,1.0,5.801535403372918,5.141519816970349
COMFI_4665_CircularWalking,4665,CircularWalking,hip_adduction_r,999,-8,-1.0,8.350557408469449,7.771217899055825
COMFI_4665_CircularWalking,4665,CircularWalking,hip_rotation_r,996,3,1.0,11.778518681250278,10.716972278947276
COMFI_4665_CircularWalking,4665,CircularWalking,knee_angle_r,998,1,1.0,5.158650307830322,4.74875701111948
COMFI_4665_CircularWalking,4665,CircularWalking,ankle_angle_r,994,5,1.0,5.012038407259432,4.5979267060837925
COMFI_4665_CircularWalking,4665,CircularWalking,subtalar_angle_r,998,1,1.0,8.19962413092562,6.865700234849957
COMFI_4665_CircularWalking,4665,CircularWalking,hip_flexion_l,997,2,1.0,5.347778870369556,4.7133106749144735
COMFI_4665_CircularWalking,4665,CircularWalking,hip_adduction_l,999,-8,-1.0,7.37650517532672,7.116400358821055
COMFI_4665_CircularWalking,4665,CircularWalking,hip_rotation_l,998,1,1.0,11.971608144372311,9.418360757318595
COMFI_4665_CircularWalking,4665,CircularWalking,knee_angle_l,997,2,1.0,5.942606165406788,5.347039035097388
COMFI_4665_CircularWalking,4665,CircularWalking,ankle_angle_l,994,5,1.0,6.321962259877471,6.167673994043971
COMFI_4665_CircularWalking,4665,CircularWalking,subtalar_angle_l,999,-7,1.0,8.418316945860527,8.186596208553544
COMFI_4665_StraightWalking,4665,StraightWalking,hip_flexion_r,308,2,1.0,4.828745898194848,6.224329974031785
COMFI_4665_StraightWalking,4665,StraightWalking,hip_adduction_r,303,-8,-1.0,7.0388364827378025,7.878738345946348
COMFI_4665_StraightWalking,4665,StraightWalking,hip_rotation_r,306,-5,1.0,13.014878312556483,7.748435990606446
COMFI_4665_StraightWalking,4665,StraightWalking,knee_angle_r,309,1,1.0,14.83962450092585,10.340671567381142
COMFI_4665_StraightWalking,4665,StraightWalking,ankle_angle_r,304,6,1.0,20.585981301530875,15.120702293838276
COMFI_4665_StraightWalking,4665,StraightWalking,subtalar_angle_r,303,-8,1.0,10.314472156061182,9.059262879947664
COMFI_4665_StraightWalking,4665,StraightWalking,hip_flexion_l,302,8,1.0,10.360224813101444,7.877469356431639
COMFI_4665_StraightWalking,4665,StraightWalking,hip_adduction_l,303,-8,-1.0,8.146225090266512,7.889986662516548
COMFI_4665_StraightWalking,4665,StraightWalking,hip_rotation_l,303,-8,1.0,12.984838867757892,14.5536544249136
COMFI_4665_StraightWalking,4665,StraightWalking,knee_angle_l,305,5,1.0,9.727216259750453,9.368663563153849
COMFI_4665_StraightWalking,4665,StraightWalking,ankle_angle_l,302,8,1.0,18.07389138604489,21.85369857386532
COMFI_4665_StraightWalking,4665,StraightWalking,subtalar_angle_l,303,-8,1.0,14.015383636036043,12.518690114197115
