trial,window_s,n_frames,relative_rotation_deg,rig_shape_7dof_mm,relative_rotation_linear_step_deg,compute_time_s,status
BioCV P09_WALK_01,0.5,100,2.393,116.1,3.503,10,ok
BioCV P09_WALK_01,1.0,200,1.324,74.1,2.833,12,ok
BioCV P09_WALK_01,2.0,400,0.902,30.9,1.86,15,ok
BioCV P09_WALK_01,4.0,800,0.667,29.5,1.144,18,ok
BioCV P09_WALK_01,6.5,1302,0.63,29.5,1.046,21,ok
BioCV P10_WALK_02,0.5,100,1.516,66.5,3.035,10,ok
BioCV P10_WALK_02,1.0,200,1.08,45.4,3.589,12,ok
BioCV P10_WALK_02,2.0,400,0.392,19.5,1.507,12,ok
BioCV P10_WALK_02,4.0,800,0.358,18.7,0.971,22,ok
BioCV P10_WALK_02,5.3,1052,0.313,22.4,1.02,27,ok
BioCV P13_WALK_02,0.5,100,1.453,76.3,4.443,19,ok
BioCV P13_WALK_02,1.0,200,1.218,74.0,3.793,35,ok
BioCV P13_WALK_02,2.0,400,0.247,16.0,2.655,21,ok
BioCV P13_WALK_02,4.0,800,0.288,13.8,0.874,21,ok
BioCV P13_WALK_02,6.5,1301,0.331,19.3,0.743,22,ok
BioCV P16_WALK_01,0.5,100,1.536,82.9,2.243,11,ok
BioCV P16_WALK_01,1.0,200,0.516,22.2,2.741,15,ok
BioCV P16_WALK_01,2.0,400,0.791,29.1,2.223,17,ok
BioCV P16_WALK_01,4.0,800,0.369,16.3,0.984,21,ok
BioCV P16_WALK_01,7.5,1500,0.254,11.2,0.938,20,ok
IMOVE subject2,0.5,25,3.645,171.2,3.887,5,ok
IMOVE subject2,1.0,50,1.055,63.8,2.323,16,ok
IMOVE subject2,2.0,100,0.843,43.1,2.115,24,ok
IMOVE subject2,4.0,200,1.152,121.4,1.974,30,ok
IMOVE subject2,8.0,400,0.575,50.4,1.606,38,ok
IMOVE subject2,16.0,800,0.34,37.0,1.768,26,ok
IMOVE subject2,27.9,1396,0.355,35.0,1.716,40,ok
IMOVE subject3,0.5,25,1.963,91.2,3.134,7,ok
IMOVE subject3,1.0,50,1.197,77.7,4.275,11,ok
IMOVE subject3,2.0,100,1.32,76.7,2.692,19,ok
IMOVE subject3,4.0,200,0.888,60.7,2.216,24,ok
IMOVE subject3,8.0,400,1.032,86.5,1.872,22,ok
IMOVE subject3,16.0,800,0.578,48.3,1.116,21,ok
IMOVE subject3,29.7,1486,0.59,52.9,1.218,24,ok
COMFI 1012 circ.,0.5,20,2.754,62.4,3.88,3,ok
COMFI 1012 circ.,1.0,40,2.571,51.9,2.248,4,ok
COMFI 1012 circ.,2.0,80,3.968,34.3,5.633,5,ok
COMFI 1012 circ.,4.0,160,2.056,28.7,3.642,8,ok
COMFI 1012 circ.,8.0,320,2.12,25.8,2.155,7,ok
COMFI 1012 circ.,16.0,640,2.281,14.5,2.091,8,ok
COMFI 1012 circ.,25.0,1000,2.059,16.0,2.039,9,ok
COMFI 1118 circ.,0.5,20,1.399,34.4,3.015,3,ok
COMFI 1118 circ.,1.0,40,1.847,44.1,1.576,4,ok
COMFI 1118 circ.,2.0,80,1.385,12.5,2.568,5,ok
COMFI 1118 circ.,4.0,160,1.116,31.0,1.632,5,ok
COMFI 1118 circ.,8.0,320,1.504,45.1,1.654,8,ok
COMFI 1118 circ.,16.0,640,1.485,43.6,1.094,10,ok
COMFI 1118 circ.,25.0,1000,1.314,36.5,1.237,8,ok
LBMC p1,0.5,30,1.834,52.3,2.001,6,ok
LBMC p1,1.0,60,1.569,58.4,1.741,7,ok
LBMC p1,2.0,120,1.435,50.8,1.589,12,ok
LBMC p1,4.0,240,1.412,51.0,1.561,14,ok
LBMC p1,8.0,480,1.471,54.7,1.759,16,ok
LBMC p1,16.0,960,1.483,53.7,1.637,22,ok
LBMC p1,20.0,1200,1.513,52.2,1.555,24,ok
LBMC p2,0.5,30,2.967,72.9,3.704,5,ok
LBMC p2,1.0,60,2.992,72.7,3.899,7,ok
LBMC p2,2.0,120,3.043,70.4,3.858,12,ok
LBMC p2,4.0,240,3.027,69.9,3.822,12,ok
LBMC p2,8.0,480,3.157,71.9,3.875,13,ok
LBMC p2,16.0,960,3.134,71.4,3.927,17,ok
LBMC p2,20.0,1200,3.14,70.6,3.955,19,ok
